Id,Label,0,1,modularity_class,Eccentricity,closnesscentrality,harmonicclosnesscentrality,betweenesscentrality
vise,vise,STRATEGIMORGENMØDE,,11,4,0.394707,0.424869,1084.617778
viden,viden,STRATEGIMORGENMØDE,,11,3,0.471736,0.516643,10302.880958
vej,vej,STRATEGIMORGENMØDE,,11,4,0.385801,0.415953,1573.39673
strategi,strategi,STRATEGIMORGENMØDE,,1,4,0.452258,0.497504,7825.291203
lang,lang,STRATEGIMORGENMØDE,,0,4,0.34549,0.369829,1774.489551
står,står,STRATEGIMORGENMØDE,,0,4,0.347718,0.367451,1509.599209
historie,historie,STRATEGI2024,,0,5,0.277954,0.291821,0
biblioteksfaglige,biblioteksfaglige,STRATEGI2024,,0,5,0.277954,0.291821,0
blevet,blevet,STRATEGI2024,,0,5,0.277954,0.291821,0
bredt,bredt,STRATEGIMORGENMØDE,,0,4,0.319799,0.340585,689.996903
dag,dag,STRATEGI2024,,0,5,0.277954,0.291821,0
forankret,forankret,STRATEGI2024,,0,5,0.277954,0.291821,0
universitetsbibliotek,universitetsbibliotek,STRATEGIMORGENMØDE,,6,4,0.390747,0.415597,519.920049
unik,unik,STRATEGIMORGENMØDE,,6,4,0.359487,0.381122,146.633553
tværs,tværs,STRATEGIMORGENMØDE,,9,4,0.423309,0.463029,4683.828357
stærke,stærke,STRATEGI2024,,6,3,0.396269,0.422254,333.773208
stigende,stigende,STRATEGI2024,,6,4,0.372081,0.394437,183.05222
service,service,STRATEGIMORGENMØDE,,6,3,0.428746,0.466476,3094.736533
samlinger,samlinger,STRATEGIMORGENMØDE,,4,4,0.421021,0.45554,2038.692641
nationalbibliotek,nationalbibliotek,STRATEGI2024,,6,4,0.341452,0.358892,0
verden,verden,STRATEGIMORGENMØDE,,6,4,0.392058,0.420946,916.055984
velfungerende,velfungerende,STRATEGI2024,,6,4,0.359856,0.377794,0
stor,stor,STRATEGIMORGENMØDE,,0,3,0.447066,0.489539,7731.229286
samarbejdspartner,samarbejdspartner,STRATEGIMORGENMØDE,,6,4,0.422799,0.459106,2141.87224
oplevelse,oplevelse,STRATEGIMORGENMØDE,,3,3,0.4008,0.427009,752.624015
tage,tage,STRATEGIMORGENMØDE,,6,4,0.437032,0.47884,5126.843585
landet,landet,STRATEGIMORGENMØDE,,15,4,0.42614,0.460889,3029.464683
inspirationssted,inspirationssted,STRATEGI2024,,6,4,0.366249,0.383143,0
hele,hele,STRATEGIMORGENMØDE,,6,4,0.460276,0.498573,6409.938301
brugere,brugere,STRATEGIMORGENMØDE,,15,3,0.453428,0.498573,9366.647255
afsæt,afsæt,STRATEGI2024,,6,4,0.366249,0.383143,0
kulturarv,kulturarv,STRATEGIMORGENMØDE,,1,4,0.408746,0.444484,2800.142314
indsamler,indsamler,STRATEGIMORGENMØDE,,1,4,0.359487,0.381122,87.437152
fælles,fælles,STRATEGIMORGENMØDE,,16,4,0.420012,0.452211,1926.45373
formidler,formidler,STRATEGIMORGENMØDE,,7,4,0.372278,0.398716,3722.809679
bevaring,bevaring,STRATEGIMORGENMØDE,,11,4,0.359856,0.380052,106.132236
skabe,skabe,STRATEGIMORGENMØDE,,15,4,0.45431,0.498336,6449.993197
rum,rum,STRATEGIMORGENMØDE,,14,4,0.400343,0.434261,3136.444102
levere,levere,STRATEGIMORGENMØDE,,15,4,0.413082,0.445316,1758.233181
inspirere,inspirere,STRATEGIMORGENMØDE,,15,4,0.400114,0.432477,1995.568999
forskningsinstitutioner,forskningsinstitutioner,STRATEGIMORGENMØDE,,15,4,0.424077,0.457798,2226.857012
fordybe,fordybe,STRATEGIMORGENMØDE,,10,4,0.387293,0.414408,731.282428
videnssamfund,videnssamfund,STRATEGIMORGENMØDE,,1,3,0.40827,0.434617,395.751322
fundament,fundament,STRATEGIMORGENMØDE,,6,4,0.387721,0.416191,1410.445739
demokratisk,demokratisk,STRATEGIMORGENMØDE,,15,4,0.388796,0.413814,262.575995
bidrag,bidrag,STRATEGIMORGENMØDE,,10,3,0.459672,0.503091,8579.327878
samfund,samfund,STRATEGIMORGENMØDE,,11,4,0.35015,0.369234,384.151017
forandring,forandring,STRATEGI2024,,11,4,0.329263,0.34427,0
yderligere,yderligere,STRATEGI2024,,1,4,0.349975,0.366619,0
videre,videre,STRATEGIMORGENMØDE,,9,4,0.386226,0.412387,439.929296
indsatser,indsatser,STRATEGIMORGENMØDE,,0,3,0.414548,0.446505,1588.602586
kalder,kalder,STRATEGI2024,,1,4,0.349975,0.366619,0
klima,klima,STRATEGI2024,,1,4,0.372674,0.394674,147.059722
løsninger,løsninger,STRATEGIMORGENMØDE,,2,4,0.390529,0.418212,733.665146
samarbejde,samarbejde,STRATEGIMORGENMØDE,,1,3,0.471736,0.516167,13495.310017
udvikle,udvikle,STRATEGIMORGENMØDE,,2,3,0.471419,0.516881,10622.882209
uanede,uanede,STRATEGI2024,,2,4,0.348236,0.365787,0
tilgå,tilgå,STRATEGIMORGENMØDE,,2,4,0.380771,0.406324,285.509967
teknologiske,teknologiske,STRATEGIMORGENMØDE,,2,4,0.385377,0.411436,228.007332
ny,ny,STRATEGIMORGENMØDE,,2,3,0.455195,0.497147,6911.826056
måde,måde,STRATEGIMORGENMØDE,,2,4,0.39382,0.423918,660.679091
mulighed,mulighed,STRATEGIMORGENMØDE,,4,4,0.418507,0.453281,1923.24891
information,information,STRATEGIMORGENMØDE,,2,4,0.388366,0.414883,358.275401
teknologi,teknologi,STRATEGIMORGENMØDE,,2,4,0.379946,0.407632,547.821261
kommercielle,kommercielle,STRATEGI2024,,2,4,0.358018,0.376248,0
kommer,kommer,STRATEGIMORGENMØDE,,12,4,0.428222,0.46612,5111.948515
interesser,interesser,STRATEGI2024,,2,4,0.358018,0.376248,0
imødekomme,imødekomme,STRATEGIMORGENMØDE,,2,4,0.378919,0.402758,217.033157
åben,åben,STRATEGI2024,,10,4,0.415284,0.446029,1015.557518
vigtig,vigtig,STRATEGIMORGENMØDE,,3,4,0.395375,0.422729,767.276372
data,data,STRATEGIMORGENMØDE,,10,3,0.437305,0.475036,3669.520693
del,del,STRATEGIMORGENMØDE,,15,4,0.405671,0.437114,1747.461257
finde,finde,STRATEGIMORGENMØDE,,8,4,0.397392,0.431883,1979.448548
forhold,forhold,STRATEGIMORGENMØDE,,4,3,0.421527,0.454589,2206.453208
stadighed,stadighed,STRATEGI2024,,11,4,0.363778,0.383143,0
mission,mission,STRATEGIMORGENMØDE,,9,4,0.389444,0.416667,440.8408
danmark,danmark,STRATEGIMORGENMØDE,,4,4,0.416024,0.450428,2532.297945
vision,vision,STRATEGIMORGENMØDE,,9,4,0.391183,0.420352,531.353674
sværere,sværere,STRATEGIMORGENMØDE,,11,4,0.330038,0.346648,0
stadig,stadig,STRATEGIMORGENMØDE,,11,4,0.330038,0.346648,0
navigere,navigere,STRATEGIMORGENMØDE,,11,4,0.357288,0.379339,221.72205
kulturelle,kulturelle,STRATEGIMORGENMØDE,,11,4,0.363024,0.385045,149.235735
fyrtårn,fyrtårn,STRATEGIMORGENMØDE,,11,4,0.339796,0.360794,148.461333
vidste,vidste,STRATEGIMORGENMØDE,,15,4,0.314915,0.330361,0
søger,søger,STRATEGIMORGENMØDE,,5,4,0.369726,0.397884,1560.674593
hjælpe,hjælpe,STRATEGIMORGENMØDE,,1,4,0.363589,0.383024,196.991228
ønsker,ønsker,STRATEGIMORGENMØDE,,10,3,0.447352,0.488825,6599.286185
professionelle,professionelle,STRATEGI2024,,10,4,0.334766,0.350689,0
private,private,STRATEGI2024,,10,4,0.334766,0.350689,0
grunde,grunde,STRATEGI2024,,10,4,0.354937,0.374584,56.80706
via,via,STRATEGIMORGENMØDE,,6,4,0.410422,0.437233,562.721584
udgangspunkt,udgangspunkt,STRATEGI2024,,6,4,0.336534,0.353067,0
national,national,STRATEGIMORGENMØDE,,6,3,0.464238,0.508084,8399.265517
lovgrundlag,lovgrundlag,STRATEGI2024,,6,4,0.336534,0.353067,0
indgåede,indgåede,STRATEGI2024,,6,4,0.336534,0.353067,0
samt,samt,STRATEGI2024,,15,4,0.403337,0.435212,1520.062185
gælder,gælder,STRATEGIMORGENMØDE,,12,4,0.386226,0.412506,857.220489
folkebiblioteker,folkebiblioteker,STRATEGIMORGENMØDE,,7,3,0.418757,0.455302,6985.929955
ydelser,ydelser,STRATEGIMORGENMØDE,,15,4,0.340126,0.357703,71.604733
målrettede,målrettede,STRATEGI2024,,15,5,0.292571,0.303733,0
niveau,niveau,STRATEGIMORGENMØDE,,8,4,0.365866,0.388017,246.063386
licensbelagte,licensbelagte,STRATEGI2024,,16,4,0.351378,0.369472,0
kulturarvsmaterialer,kulturarvsmaterialer,STRATEGIMORGENMØDE,,16,4,0.406141,0.437708,931.816928
fysisk,fysisk,STRATEGIMORGENMØDE,,16,3,0.461792,0.500951,5403.298465
forvalter,forvalter,STRATEGI2024,,16,4,0.351378,0.369472,0
universitet,universitet,STRATEGIMORGENMØDE,,6,4,0.415038,0.455659,6466.211722
universitetsbiblioteksservice,universitetsbiblioteksservice,STRATEGI2024,,6,5,0.29392,0.308916,0
roskilde,roskilde,STRATEGI2024,,6,5,0.29392,0.308916,0
københavns,københavns,STRATEGIMORGENMØDE,,6,4,0.341285,0.36436,364.267454
fuld,fuld,STRATEGI2024,,6,5,0.29392,0.308916,0
aarhus,aarhus,STRATEGI2024,,6,5,0.29392,0.308916,0
specifikke,specifikke,STRATEGI2024,,7,4,0.305447,0.320851,0
overcentral,overcentral,STRATEGIMORGENMØDE,,7,4,0.342285,0.362696,176.976255
grundlag,grundlag,STRATEGI2024,,7,4,0.330038,0.349382,117.061232
enten,enten,STRATEGI2024,,7,4,0.305447,0.320851,0
biblioteksmaterialer,biblioteksmaterialer,STRATEGI2024,,7,4,0.375469,0.400975,888.061277
aftaler,aftaler,STRATEGI2024,,7,4,0.305447,0.320851,0
udland,udland,STRATEGI2024,,7,5,0.278285,0.292273,0
lån,lån,STRATEGI2024,,7,5,0.278285,0.292273,0
indvandrere,indvandrere,STRATEGI2024,,7,5,0.278285,0.292273,0
indog,indog,STRATEGI2024,,7,5,0.278285,0.292273,0
fungerer,fungerer,STRATEGI2024,,7,5,0.278285,0.292273,0
flygtninge,flygtninge,STRATEGI2024,,7,5,0.278285,0.292273,0
depotbibliotek,depotbibliotek,STRATEGIMORGENMØDE,,7,4,0.34262,0.364123,1202.194839
uden,uden,STRATEGIMORGENMØDE,,10,4,0.376477,0.399786,86.894721
ophavsretligt,ophavsretligt,STRATEGI2024,,16,4,0.367593,0.389444,37.353967
materiale,materiale,STRATEGIMORGENMØDE,,8,3,0.481787,0.53067,15620.348506
digital,digital,STRATEGIMORGENMØDE,,16,4,0.437578,0.479078,4656.804069
både,både,STRATEGIMORGENMØDE,,9,4,0.39943,0.427722,575.926768
adgang,adgang,STRATEGIMORGENMØDE,,16,4,0.428484,0.459225,1021.910326
aviser,aviser,STRATEGI2024,,16,4,0.349975,0.367095,0
billede,billede,STRATEGIMORGENMØDE,,16,4,0.354757,0.374941,592.407306
udstillinger,udstillinger,STRATEGI2024,,7,4,0.303201,0.318592,0
koncerter,koncerter,STRATEGI2024,,7,4,0.303201,0.318592,0
form,form,STRATEGIMORGENMØDE,,12,4,0.361154,0.385758,1147.747606
foredrag,foredrag,STRATEGI2024,,7,4,0.303201,0.318592,0
mål,mål,STRATEGIMORGENMØDE,,1,4,0.41976,0.454113,1643.726349
underliggende,underliggende,STRATEGI2024,,1,4,0.357836,0.376129,0
tre,tre,STRATEGIMORGENMØDE,,9,4,0.409702,0.445911,2200.735149
strategisk,strategisk,STRATEGIMORGENMØDE,,1,3,0.453722,0.495007,5853.545996
retning,retning,STRATEGI2024,,1,4,0.357836,0.376129,0
kulturinstitution,kulturinstitution,STRATEGI2024,,6,4,0.357288,0.373157,0
fortsætte,fortsætte,STRATEGI2024,,6,4,0.376679,0.398478,122.631806
efterspurgt,efterspurgt,STRATEGI2024,,6,4,0.357288,0.373157,0
leverandør,leverandør,STRATEGIMORGENMØDE,,1,4,0.377287,0.401094,122.374015
lokal,lokal,STRATEGIMORGENMØDE,,6,4,0.425106,0.464456,3343.120228
bibliotekspartner,bibliotekspartner,STRATEGIMORGENMØDE,,10,4,0.368172,0.38873,99.360455
fællesskab,fællesskab,STRATEGI2024,,14,4,0.368753,0.39194,154.292118
bøger,bøger,STRATEGI2024,,7,4,0.358018,0.37601,0
computerspil,computerspil,STRATEGI2024,,7,4,0.358018,0.37601,0
vidt,vidt,STRATEGI2024,,2,4,0.32529,0.341774,0
nemt,nemt,STRATEGIMORGENMØDE,,2,4,0.358384,0.37922,74.5513
muligt,muligt,STRATEGIMORGENMØDE,,2,4,0.353327,0.376129,202.70529
hurtigere,hurtigere,STRATEGIMORGENMØDE,,2,4,0.39493,0.423443,548.011471
forventning,forventning,STRATEGIMORGENMØDE,,2,4,0.362274,0.388017,749.87294
materialeforvaltning,materialeforvaltning,STRATEGIMORGENMØDE,,15,4,0.360411,0.382192,53.543266
konstant,konstant,STRATEGI2024,,15,4,0.350675,0.369472,0
forbedre,forbedre,STRATEGIMORGENMØDE,,15,4,0.414793,0.446386,1021.961462
fokus,fokus,STRATEGIMORGENMØDE,,15,4,0.377491,0.403947,602.272817
derfor,derfor,STRATEGIMORGENMØDE,,15,4,0.396718,0.424394,431.914161
væsentlig,væsentlig,STRATEGI2024,,16,4,0.378305,0.401331,71.939532
arbejde,arbejde,STRATEGIMORGENMØDE,,4,3,0.471736,0.515216,11874.369376
bagvedliggende,bagvedliggende,STRATEGIMORGENMØDE,,4,4,0.370312,0.393367,114.183377
forsat,forsat,STRATEGI2024,,16,4,0.356199,0.374822,0
fortsat,fortsat,STRATEGIMORGENMØDE,,16,3,0.434056,0.471232,4025.208286
værdi,værdi,STRATEGIMORGENMØDE,,15,4,0.406849,0.436519,600.270419
omsat,omsat,STRATEGI2024,,15,4,0.361713,0.38029,0
let,let,STRATEGIMORGENMØDE,,2,4,0.372081,0.394199,90.459363
vakt,vakt,STRATEGI2024,,8,4,0.33207,0.350214,0
undervejs,undervejs,STRATEGI2024,,8,4,0.33207,0.350214,0
nysgerrighed,nysgerrighed,STRATEGI2024,,8,4,0.33207,0.350214,0
leder,leder,STRATEGI2024,,8,4,0.33207,0.350214,0
kræver,kræver,STRATEGI2024,,8,4,0.33207,0.350214,0
får,får,STRATEGIMORGENMØDE,,8,4,0.368366,0.3898,352.848391
øge,øge,STRATEGIMORGENMØDE,,0,3,0.431119,0.467665,4514.229302
styrke,styrke,STRATEGI2024,,0,3,0.445362,0.480029,3632.056754
løbende,løbende,STRATEGIMORGENMØDE,,3,4,0.382433,0.409296,935.255002
indgang,indgang,STRATEGI2024,,8,4,0.369336,0.391465,252.242858
ensarte,ensarte,STRATEGI2024,,0,4,0.349104,0.367214,0
tilsvarende,tilsvarende,STRATEGI2024,,5,4,0.339303,0.356396,0
størrelse,størrelse,STRATEGI2024,,5,4,0.339303,0.356396,0
samtidig,samtidig,STRATEGIMORGENMØDE,,2,4,0.419509,0.452449,2360.850908
opgave,opgave,STRATEGIMORGENMØDE,,5,4,0.406377,0.443295,5257.714774
løfte,løfte,STRATEGI2024,,5,4,0.362836,0.383856,119.210754
kraft,kraft,STRATEGI2024,,5,4,0.339303,0.356396,0
undersøge,undersøge,STRATEGIMORGENMØDE,,4,4,0.375268,0.40145,1095.322864
tilgængelig,tilgængelig,STRATEGI2024,,4,4,0.34549,0.364123,0
berige,berige,STRATEGI2024,,4,4,0.34549,0.364123,0
beskyttelse,beskyttelse,STRATEGI2024,{'beskyttet': {'attr3': 'STRATEGI2024'}},16,4,0.372081,0.394674,118.641064
selvstændige,selvstændige,STRATEGI2024,,8,4,0.332385,0.350333,0
reducere,reducere,STRATEGIMORGENMØDE,,8,4,0.354578,0.37601,179.241613
nemmere,nemmere,STRATEGI2024,,8,4,0.332385,0.350333,0
gøre,gøre,STRATEGIMORGENMØDE,,4,3,0.467957,0.514265,10449.422417
formidlingsløsninger,formidlingsløsninger,STRATEGI2024,,8,4,0.332385,0.350333,0
uhindret,uhindret,STRATEGI2024,,15,4,0.343627,0.360556,0
give,give,STRATEGIMORGENMØDE,,15,4,0.449071,0.484189,4239.02344
vanskelige,vanskelige,STRATEGI2024,,11,4,0.337344,0.353543,0
datastandarder,datastandarder,STRATEGI2024,,11,4,0.337344,0.353543,0
formater,formater,STRATEGI2024,,11,4,0.337344,0.353543,0
forældes,forældes,STRATEGI2024,,11,4,0.337344,0.353543,0
går,går,STRATEGIMORGENMØDE,,11,3,0.463931,0.50214,9120.687724
sikre,sikre,STRATEGI2024,,1,4,0.374066,0.396814,158.731548
relevant,relevant,STRATEGI2024,,1,4,0.339467,0.356871,0
prioriteret,prioriteret,STRATEGI2024,,1,4,0.349626,0.370542,148.897982
partnerskab,partnerskab,STRATEGIMORGENMØDE,,1,4,0.372674,0.395269,245.80482
understøtte,understøtte,STRATEGIMORGENMØDE,,1,3,0.44821,0.488588,6340.426581
driften,driften,STRATEGI2024,,9,4,0.336534,0.353067,0
egne,egne,STRATEGI2024,,9,4,0.336534,0.353067,0
henblik,henblik,STRATEGI2024,,9,4,0.336534,0.353067,0
hjemlånssamlingerne,hjemlånssamlingerne,STRATEGI2024,,9,4,0.336534,0.353067,0
opdatere,opdatere,STRATEGI2024,,16,4,0.35015,0.368165,0
håndtering,håndtering,STRATEGIMORGENMØDE,,4,4,0.367786,0.390514,175.962492
fremtidssikre,fremtidssikre,STRATEGI2024,,16,4,0.35015,0.368165,0
række,række,STRATEGI2024,,15,4,0.361154,0.379339,0
transformation,transformation,STRATEGI2024,,15,4,0.357106,0.375773,0
særlig,særlig,STRATEGIMORGENMØDE,,0,4,0.404035,0.434379,2173.272367
synergier,synergier,STRATEGI2024,,15,4,0.357106,0.375773,0
samlede,samlede,STRATEGI2024,,15,4,0.357106,0.375773,0
aktør,aktør,STRATEGI2024,,10,4,0.34549,0.361626,0
biblioteksaktører,biblioteksaktører,STRATEGI2024,,10,4,0.34549,0.361626,0
biblioteksudvikling,biblioteksudvikling,STRATEGI2024,,10,4,0.34549,0.361626,0
ambitioner,ambitioner,STRATEGI2024,,10,4,0.328337,0.345459,0
au,au,STRATEGI2024,,10,4,0.366249,0.391227,384.17158
behov,behov,STRATEGIMORGENMØDE,,10,4,0.40218,0.433666,1269.219981
uddannelse,uddannelse,STRATEGI2024,,1,4,0.36134,0.382192,89.12327
rolle,rolle,STRATEGIMORGENMØDE,,1,4,0.367786,0.388849,83.155756
open,open,STRATEGIMORGENMØDE,,0,4,0.398295,0.426771,642.08808
licensforhandlinger,licensforhandlinger,STRATEGI2024,,0,4,0.366057,0.384689,0
institutioner,institutioner,STRATEGI2024,,0,4,0.366057,0.384689,0
finansieret,finansieret,STRATEGI2024,,15,4,0.366057,0.38564,0
forhandle,forhandle,STRATEGIMORGENMØDE,,0,4,0.376882,0.399073,580.990012
undervisningspotentialer,undervisningspotentialer,STRATEGI2024,,10,4,0.340457,0.356633,0
brug,brug,STRATEGIMORGENMØDE,,10,3,0.421021,0.454113,2044.005803
datamining,datamining,STRATEGI2024,,10,4,0.340457,0.356633,0
forsker,forsker,STRATEGI2024,,0,4,0.369921,0.391583,97.848682
datamanagement,datamanagement,STRATEGI2024,,0,4,0.354398,0.370423,0
forskning,forskning,STRATEGI2024,,0,4,0.354398,0.370423,0
inden,inden,STRATEGIMORGENMØDE,,0,3,0.44005,0.473134,2328.44591
virksomheder,virksomheder,STRATEGIMORGENMØDE,,10,4,0.354219,0.378269,342.964447
ku,ku,STRATEGI2024,,10,4,0.332858,0.350927,0
afsøge,afsøge,STRATEGI2024,,10,4,0.332858,0.350927,0
entreprenørskabsindsatser,entreprenørskabsindsatser,STRATEGI2024,,10,4,0.332858,0.350927,0
erhvervslivet,erhvervslivet,STRATEGI2024,,10,4,0.332858,0.350927,0
tættere,tættere,STRATEGIMORGENMØDE,,0,4,0.371489,0.394199,254.738783
gennem,gennem,STRATEGI2024,,0,4,0.352616,0.368878,0
benytte,benytte,STRATEGI2024,,10,4,0.341951,0.35806,0
biblioteksservices,biblioteksservices,STRATEGI2024,,10,4,0.341951,0.35806,0
år,år,STRATEGIMORGENMØDE,,0,4,0.433519,0.473847,6597.338428
ungdomsuddannelse,ungdomsuddannelse,STRATEGIMORGENMØDE,,1,4,0.371096,0.395744,294.686434
ses,ses,STRATEGI2024,,1,4,0.351731,0.36864,0
tæt,tæt,STRATEGIMORGENMØDE,,4,4,0.384531,0.410366,1325.20863
udarbejde,udarbejde,STRATEGI2024,,7,4,0.321412,0.337137,0
ske,ske,STRATEGIMORGENMØDE,,7,4,0.358751,0.382192,667.203184
metadata,metadata,STRATEGIMORGENMØDE,,17,4,0.387936,0.414408,1561.867889
flere,flere,STRATEGIMORGENMØDE,,7,4,0.392717,0.418569,923.321659
bibliotekssystem,bibliotekssystem,STRATEGIMORGENMØDE,,7,4,0.344641,0.363053,343.94551
bedre,bedre,STRATEGI2024,,7,4,0.321412,0.337137,0
videregående,videregående,STRATEGI2024,,1,4,0.336211,0.352592,0
overgangen,overgangen,STRATEGI2024,,1,4,0.336211,0.352592,0
mellem,mellem,STRATEGI2024,,1,4,0.336211,0.352592,0
informationskompetencer,informationskompetencer,STRATEGI2024,,1,4,0.336211,0.352592,0
stille,stille,STRATEGIMORGENMØDE,,2,4,0.348756,0.370899,322.801093
rådighed,rådighed,STRATEGI2024,,14,4,0.313647,0.331075,0
rammen,rammen,STRATEGIMORGENMØDE,,3,4,0.410662,0.451498,5304.819561
mangfoldigt,mangfoldigt,STRATEGI2024,,14,4,0.313647,0.331075,0
levende,levende,STRATEGI2024,,14,4,0.313647,0.331075,0
faglig,faglig,STRATEGIMORGENMØDE,,9,4,0.369921,0.39301,177.318803
kulturoplevelser,kulturoplevelser,STRATEGIMORGENMØDE,,16,4,0.403802,0.433666,1103.067702
videreudvikle,videreudvikle,STRATEGI2024,,15,4,0.363589,0.386353,299.631439
biblioteksrum,biblioteksrum,STRATEGIMORGENMØDE,,10,4,0.392717,0.422373,418.828766
endnu,endnu,STRATEGIMORGENMØDE,,10,3,0.431119,0.459582,902.490415
forebygge,forebygge,STRATEGIMORGENMØDE,,10,4,0.382016,0.405611,172.647
tilbyde,tilbyde,STRATEGIMORGENMØDE,,16,4,0.360968,0.383024,139.549999
trivsel,trivsel,STRATEGIMORGENMØDE,,10,4,0.385377,0.408464,168.414404
læring,læring,STRATEGI2024,,10,4,0.37851,0.400856,93.941772
kulturformidling,kulturformidling,STRATEGI2024,,10,4,0.357471,0.375178,0
kultur,kultur,STRATEGI2024,,15,4,0.358568,0.378864,190.940405
undervisningslokale,undervisningslokale,STRATEGI2024,,14,4,0.317482,0.33262,0
tredje,tredje,STRATEGI2024,,14,4,0.317482,0.33262,0
studerende,studerende,STRATEGIMORGENMØDE,,14,4,0.390747,0.422373,3000.535552
sociale,sociale,STRATEGI2024,,14,4,0.317482,0.33262,0
ruc,ruc,STRATEGI2024,,14,4,0.317482,0.33262,0
såvel,såvel,STRATEGI2024,,14,4,0.338157,0.357109,0
studielivets,studielivets,STRATEGI2024,,14,4,0.338157,0.357109,0
læsepladser,læsepladser,STRATEGI2024,,14,4,0.338157,0.357109,0
grupperum,grupperum,STRATEGI2024,,14,4,0.373867,0.396101,173.309209
blandt,blandt,STRATEGIMORGENMØDE,,14,4,0.383689,0.408464,699.19945
dannelse,dannelse,STRATEGI2024,,14,4,0.352084,0.369472,0
høj,høj,STRATEGIMORGENMØDE,,12,4,0.378101,0.400618,537.72627
grad,grad,STRATEGI2024,,1,4,0.369336,0.387779,0
brugt,brugt,STRATEGIMORGENMØDE,,11,4,0.37851,0.401213,537.073212
vidensformidling,vidensformidling,STRATEGI2024,,15,4,0.321118,0.336186,0
udbrede,udbrede,STRATEGIMORGENMØDE,,15,4,0.385589,0.412625,1010.730769
tilbud,tilbud,STRATEGI2024,,15,4,0.321118,0.336186,0
mødested,mødested,STRATEGI2024,,15,4,0.321118,0.336186,0
tværgående,tværgående,STRATEGIMORGENMØDE,,9,4,0.373468,0.403352,562.589286
pejlemærke,pejlemærke,STRATEGIMORGENMØDE,,9,4,0.368172,0.396339,378.464455
langsigtede,langsigtede,STRATEGI2024,,9,4,0.34549,0.363528,0
binde,binde,STRATEGI2024,,9,4,0.34549,0.363528,0
udnytte,udnytte,STRATEGI2024,,2,4,0.374666,0.396457,118.607571
effektivt,effektivt,STRATEGI2024,,10,4,0.34841,0.366857,0
fremtid,fremtid,STRATEGIMORGENMØDE,,10,4,0.383899,0.412625,365.066872
organisation,organisation,STRATEGIMORGENMØDE,,10,4,0.36134,0.381122,146.620727
datadrevet,datadrevet,STRATEGIMORGENMØDE,,7,4,0.339467,0.356871,91.341013
attraktiv,attraktiv,STRATEGI2024,,15,5,0.295531,0.306942,0
arbejdsplads,arbejdsplads,STRATEGIMORGENMØDE,,15,4,0.357653,0.376605,211.203586
grønnere,grønnere,STRATEGIMORGENMØDE,,2,4,0.371883,0.396695,558.618916
kunstig,kunstig,STRATEGI2024,,15,4,0.34532,0.361032,0
digitalisere,digitalisere,STRATEGIMORGENMØDE,,10,3,0.390965,0.41845,710.404352
intelligens,intelligens,STRATEGIMORGENMØDE,,4,4,0.360968,0.382905,199.135636
metode,metode,STRATEGIMORGENMØDE,,4,4,0.370899,0.392297,6.879933
strømline,strømline,STRATEGI2024,,2,4,0.343291,0.359011,0
konsolidere,konsolidere,STRATEGI2024,,2,4,0.343291,0.359011,0
eksisterende,eksisterende,STRATEGIMORGENMØDE,,2,4,0.367979,0.389325,231.586532
geare,geare,STRATEGI2024,,10,4,0.344303,0.361507,0
derigennem,derigennem,STRATEGI2024,,10,4,0.344303,0.361507,0
ændrede,ændrede,STRATEGI2024,,16,4,0.339796,0.35592,0
medfører,medfører,STRATEGI2024,,16,4,0.339796,0.35592,0
desuden,desuden,STRATEGI2024,,16,4,0.339796,0.35592,0
globale,globale,STRATEGI2024,,16,4,0.339796,0.35592,0
evidensbaseret,evidensbaseret,STRATEGI2024,,7,4,0.317482,0.332026,0
sundt,sundt,STRATEGI2024,,15,4,0.328799,0.344151,0
medarbejderudvikling,medarbejderudvikling,STRATEGI2024,,15,4,0.328799,0.344151,0
inkluderende,inkluderende,STRATEGI2024,,15,4,0.328799,0.344151,0
tiltrække,tiltrække,STRATEGI2024,,12,4,0.341951,0.359368,0
realisere,realisere,STRATEGIMORGENMØDE,,9,4,0.369142,0.392416,166.513976
kvalificeret,kvalificeret,STRATEGI2024,,12,4,0.341951,0.359368,0
fastholde,fastholde,STRATEGIMORGENMØDE,,12,4,0.355117,0.376961,307.915957
arbejdsformer,arbejdsformer,STRATEGI2024,,10,4,0.335567,0.351403,0
arbejdspladsudvikling,arbejdspladsudvikling,STRATEGI2024,,10,4,0.335567,0.351403,0
arbejdstilrettelæggelse,arbejdstilrettelæggelse,STRATEGI2024,,10,4,0.335567,0.351403,0
bygningsmasse,bygningsmasse,STRATEGI2024,,10,4,0.335567,0.351403,0
gå,gå,STRATEGIMORGENMØDE,,17,4,0.358935,0.378864,152.91302
bæredygtighed,bæredygtighed,STRATEGI2024,,10,4,0.342285,0.357941,0
foran,foran,STRATEGI2024,,10,4,0.342285,0.357941,0
forpligte,forpligte,STRATEGI2024,,10,4,0.342285,0.357941,0
god,god,STRATEGIMORGENMØDE,,10,3,0.454899,0.49263,4785.898308
redskab,redskab,STRATEGI2024,,2,4,0.349278,0.365074,0
omstilling,omstilling,STRATEGI2024,,2,4,0.349278,0.365074,0
udfoldet,udfoldet,STRATEGI2024,,1,4,0.346173,0.364004,0
tænke,tænke,STRATEGIMORGENMØDE,,1,4,0.402874,0.437114,1988.255364
overordnede,overordnede,STRATEGIMORGENMØDE,,1,4,0.373071,0.395506,229.076705
område,område,STRATEGIMORGENMØDE,,1,4,0.364914,0.386947,304.748773
målsætninger,målsætninger,STRATEGI2024,,1,4,0.346173,0.364004,0
handleplan,handleplan,MORGENMØDE2024,,4,3,0.464854,0.508084,8264.995521
planer,planer,MORGENMØDE2024,,9,4,0.363967,0.385402,382.916661
indledes,indledes,MORGENMØDE2024,,9,4,0.347891,0.36436,0
lyder,lyder,MORGENMØDE2024,,4,4,0.325743,0.337494,0
lave,lave,MORGENMØDE2024,,1,3,0.427961,0.46719,4704.799481
hvem,hvem,MORGENMØDE2024,,11,4,0.370703,0.393485,126.582762
sige,sige,MORGENMØDE2024,,11,4,0.403569,0.436757,1266.591566
måles,måles,MORGENMØDE2024,,11,4,0.340788,0.358417,0
solid,solid,MORGENMØDE2024,,11,4,0.346858,0.369591,342.06459
rager,rager,MORGENMØDE2024,,11,4,0.308132,0.323823,0
funktionen,funktionen,MORGENMØDE2024,,11,4,0.308132,0.323823,0
fordi,fordi,MORGENMØDE2024,,11,4,0.347374,0.366976,247.249715
ret,ret,MORGENMØDE2024,,12,4,0.36644,0.392178,1464.308121
håber,håber,MORGENMØDE2024,,12,5,0.285423,0.298431,0
glade,glade,MORGENMØDE2024,,12,5,0.285423,0.298431,0
faktisk,faktisk,MORGENMØDE2024,,12,4,0.354398,0.375892,677.015367
mere,mere,MORGENMØDE2024,,10,3,0.443952,0.485972,6164.865747
indsatsområder,indsatsområder,MORGENMØDE2024,,9,4,0.338811,0.356515,0
høre,høre,MORGENMØDE2024,,9,4,0.338811,0.356515,0
først,først,MORGENMØDE2024,,4,4,0.342118,0.356039,0
snakke,snakke,MORGENMØDE2024,,3,4,0.391183,0.419282,761.094663
tak,tak,MORGENMØDE2024,,1,4,0.372278,0.394912,119.506723
sætte,sætte,MORGENMØDE2024,,3,4,0.361527,0.383975,107.051534
sammen,sammen,MORGENMØDE2024,,3,4,0.387721,0.419757,3732.809913
rammeaftale,rammeaftale,MORGENMØDE2024,,3,3,0.408033,0.437708,1983.096425
prøve,prøve,MORGENMØDE2024,,1,3,0.404734,0.436757,2474.3275
prøver,prøver,MORGENMØDE2024,,3,4,0.409942,0.444484,2360.440125
styringsstruktur,styringsstruktur,MORGENMØDE2024,,3,4,0.349104,0.369829,270.921206
regering,regering,MORGENMØDE2024,,3,4,0.358018,0.3835,572.150706
ordførerne,ordførerne,MORGENMØDE2024,,3,4,0.334926,0.351759,0
lige,lige,MORGENMØDE2024,,3,4,0.435674,0.471945,3430.647784
konger,konger,MORGENMØDE2024,,3,4,0.334926,0.351759,0
sætter,sætter,MORGENMØDE2024,,3,4,0.313927,0.330361,0
ressortministerierne,ressortministerierne,MORGENMØDE2024,,3,4,0.313927,0.330361,0
ministerier,ministerier,MORGENMØDE2024,,3,4,0.366824,0.390514,764.184764
kulturministeriet,kulturministeriet,MORGENMØDE2024,,3,4,0.385589,0.410247,1454.189372
folketing,folketing,MORGENMØDE2024,,3,4,0.313927,0.330361,0
primært,primært,MORGENMØDE2024,,3,4,0.353862,0.375654,344.696881
inde,inde,MORGENMØDE2024,,3,4,0.316193,0.330837,0
hører,hører,MORGENMØDE2024,,3,4,0.316193,0.330837,0
ben,ben,MORGENMØDE2024,,3,4,0.316193,0.330837,0
arme,arme,MORGENMØDE2024,,3,4,0.316193,0.330837,0
andre,andre,MORGENMØDE2024,,3,3,0.423054,0.45554,3110.249196
synes,synes,MORGENMØDE2024,,3,4,0.343459,0.359962,0
strækker,strækker,MORGENMØDE2024,,3,4,0.343459,0.359962,0
næste,næste,MORGENMØDE2024,,3,4,0.365676,0.387423,87.544731
tilbage,tilbage,MORGENMØDE2024,,7,4,0.377084,0.400856,653.644875
nedslag,nedslag,MORGENMØDE2024,,0,4,0.390965,0.419163,747.590116
hjem,hjem,MORGENMØDE2024,,0,4,0.346858,0.363766,0
ruller,ruller,MORGENMØDE2024,,1,4,0.330193,0.346885,0
præsenterer,præsenterer,MORGENMØDE2024,,1,4,0.352261,0.372206,80.030108
medarbejdere,medarbejdere,MORGENMØDE2024,,1,4,0.330193,0.346885,0
liv,liv,MORGENMØDE2024,,1,4,0.330193,0.346885,0
konkretiseret,konkretiseret,MORGENMØDE2024,,1,4,0.330193,0.346885,0
sidst,sidst,MORGENMØDE2024,,0,4,0.379124,0.403115,807.220489
komme,komme,MORGENMØDE2024,,15,4,0.344811,0.364004,55.564397
gavn,gavn,MORGENMØDE2024,,15,4,0.342452,0.361864,38.08619
borgere,borgere,MORGENMØDE2024,,7,4,0.337019,0.354969,268.991399
spil,spil,MORGENMØDE2024,,3,4,0.372278,0.395269,492.356313
ovenfra,ovenfra,MORGENMØDE2024,,3,4,0.311833,0.327271,0
nævnte,nævnte,MORGENMØDE2024,,9,4,0.344811,0.367095,339.889861
nede,nede,MORGENMØDE2024,,3,4,0.311833,0.327271,0
længere,længere,MORGENMØDE2024,,3,4,0.311833,0.327271,0
okay,okay,MORGENMØDE2024,,10,4,0.360782,0.382905,207.797551
én,én,MORGENMØDE2024,,13,4,0.389444,0.415953,5033.498803
inddrager,inddrager,MORGENMØDE2024,,6,4,0.363778,0.380766,0
mening,mening,MORGENMØDE2024,,17,4,0.375871,0.396814,326.770214
herover,herover,MORGENMØDE2024,,1,4,0.359487,0.376843,0
eget,eget,MORGENMØDE2024,,1,4,0.359487,0.376843,0
simpelthen,simpelthen,MORGENMØDE2024,,3,4,0.36134,0.383381,258.797805
mener,mener,MORGENMØDE2024,,1,4,0.34703,0.363885,0
konkrete,konkrete,MORGENMØDE2024,,1,4,0.34703,0.363885,0
kb,kb,MORGENMØDE2024,,17,4,0.415038,0.449358,4396.540418
kun,kun,MORGENMØDE2024,,0,4,0.331599,0.350095,0
slags,slags,MORGENMØDE2024,,0,4,0.331599,0.350095,0
masser,masser,MORGENMØDE2024,,0,4,0.331599,0.350095,0
tingene,tingene,MORGENMØDE2024,,1,4,0.335889,0.351759,0
alting,alting,MORGENMØDE2024,,1,4,0.335889,0.351759,0
bestemt,bestemt,MORGENMØDE2024,,1,4,0.366824,0.389325,174.857056
betyder,betyder,MORGENMØDE2024,,1,4,0.335889,0.351759,0
egentlig,egentlig,MORGENMØDE2024,,1,4,0.358384,0.380409,124.349057
enhed,enhed,MORGENMØDE2024,,1,4,0.352084,0.370067,0
ude,ude,MORGENMØDE2024,,6,4,0.373071,0.397171,170.19849
øvrigt,øvrigt,MORGENMØDE2024,,9,4,0.363024,0.386709,229.184039
enkelte,enkelte,MORGENMØDE2024,,1,4,0.352084,0.370067,0
ånd,ånd,MORGENMØDE2024,,12,4,0.376275,0.400143,80.809147
detaljer,detaljer,MORGENMØDE2024,,12,4,0.363024,0.381479,0
eksempel,eksempel,MORGENMØDE2024,,12,4,0.400114,0.430338,2043.732058
gennemgå,gennemgå,MORGENMØDE2024,,12,4,0.363024,0.381479,0
årsplaner,årsplaner,MORGENMØDE2024,,17,4,0.331599,0.345934,0
planen,planen,MORGENMØDE2024,,17,4,0.331599,0.345934,0
derhen,derhen,MORGENMØDE2024,,17,4,0.34498,0.363766,273.707464
ligesom,ligesom,MORGENMØDE2024,,15,4,0.339961,0.35699,0
defineret,defineret,MORGENMØDE2024,,15,4,0.339961,0.35699,0
sagt,sagt,MORGENMØDE2024,,7,4,0.299061,0.31253,0
nævne,nævne,MORGENMØDE2024,,7,4,0.299061,0.31253,0
klart,klart,MORGENMØDE2024,,7,4,0.299061,0.31253,0
gang,gang,MORGENMØDE2024,,3,4,0.369531,0.392772,374.870245
segmentere,segmentere,MORGENMØDE2024,,3,4,0.319945,0.337375,0
maler,maler,MORGENMØDE2024,,3,4,0.319945,0.337375,0
ligger,ligger,MORGENMØDE2024,,4,4,0.359119,0.379339,391.720877
imellem,imellem,MORGENMØDE2024,,3,4,0.319945,0.337375,0
præsentationen,præsentationen,MORGENMØDE2024,,1,4,0.347718,0.365311,0
pointen,pointen,MORGENMØDE2024,,1,4,0.347718,0.365311,0
opbygget,opbygget,MORGENMØDE2024,,1,4,0.370507,0.394793,275.956953
svend,svend,MORGENMØDE2024,,9,5,0.322447,0.340228,0
sammensat,sammensat,MORGENMØDE2024,,9,5,0.322447,0.340228,0
starte,starte,MORGENMØDE2024,,1,4,0.343459,0.359011,0
line,line,MORGENMØDE2024,,7,4,0.364156,0.383975,269.838281
masse,masse,MORGENMØDE2024,,1,4,0.386865,0.410366,203.751093
forskellige,forskellige,MORGENMØDE2024,,14,4,0.413569,0.448526,3979.13193
få,få,MORGENMØDE2024,,4,3,0.432449,0.467427,2238.456461
håndtere,håndtere,MORGENMØDE2024,,4,4,0.373071,0.395269,81.306576
brede,brede,MORGENMØDE2024,,4,4,0.364535,0.383381,0
nutidens,nutidens,MORGENMØDE2024,,15,4,0.338647,0.355682,0
initiativ,initiativ,MORGENMØDE2024,,4,4,0.401259,0.429387,401.890671
ser,ser,MORGENMØDE2024,,4,4,0.381808,0.40894,397.636896
forbedring,forbedring,MORGENMØDE2024,,4,4,0.330973,0.347599,0
gør,gør,MORGENMØDE2024,,4,4,0.385589,0.412149,349.297581
dr,dr,MORGENMØDE2024,,5,5,0.299701,0.316025,0
arkiv,arkiv,MORGENMØDE2024,,5,5,0.299701,0.316025,0
gav,gav,MORGENMØDE2024,,5,5,0.299701,0.316025,0
pc,pc,MORGENMØDE2024,,5,5,0.299701,0.316025,0
kæmpestor,kæmpestor,MORGENMØDE2024,,5,5,0.299701,0.316025,0
derhjemme,derhjemme,MORGENMØDE2024,,5,5,0.299701,0.316025,0
blokke,blokke,MORGENMØDE2024,,8,4,0.354578,0.373871,0
brugervenligt,brugervenligt,MORGENMØDE2024,,8,4,0.354578,0.373871,0
forhandling,forhandling,MORGENMØDE2024,,0,4,0.359672,0.378745,0
kommende,kommende,MORGENMØDE2024,,0,4,0.394707,0.420827,526.28407
slå,slå,MORGENMØDE2024,,4,4,0.359119,0.377913,0
forskningsbibliotekernes,forskningsbibliotekernes,MORGENMØDE2024,,4,4,0.372278,0.394912,145.362361
årene,årene,MORGENMØDE2024,,14,4,0.340291,0.357703,0
rigtig,rigtig,MORGENMØDE2024,,14,4,0.378305,0.401926,321.999684
overlap,overlap,MORGENMØDE2024,,14,4,0.340291,0.357703,0
svagt,svagt,MORGENMØDE2024,,4,4,0.366632,0.385758,0
smartere,smartere,MORGENMØDE2024,,2,4,0.383689,0.408107,175.666091
forbrug,forbrug,MORGENMØDE2024,,4,4,0.366632,0.385758,0
undgår,undgår,MORGENMØDE2024,,8,4,0.327877,0.344508,0
stadigvæk,stadigvæk,MORGENMØDE2024,,8,4,0.327877,0.344508,0
pladsoptimere,pladsoptimere,MORGENMØDE2024,,8,4,0.327877,0.344508,0
overflødet,overflødet,MORGENMØDE2024,,8,4,0.327877,0.344508,0
syv,syv,MORGENMØDE2024,,17,4,0.32635,0.342606,0
systemkonfiguration,systemkonfiguration,MORGENMØDE2024,,17,4,0.32635,0.342606,0
seks,seks,MORGENMØDE2024,,17,4,0.32635,0.342606,0
professionshøjskoler,professionshøjskoler,MORGENMØDE2024,,17,4,0.32635,0.342606,0
mindre,mindre,MORGENMØDE2024,,17,4,0.32635,0.342606,0
principper,principper,MORGENMØDE2024,,4,5,0.31211,0.327699,0
partnere,partnere,MORGENMØDE2024,,4,4,0.356018,0.378031,381.943621
overtage,overtage,MORGENMØDE2024,,4,5,0.31211,0.327699,0
oplagt,oplagt,MORGENMØDE2024,,4,5,0.31211,0.327699,0
materialefællesskab,materialefællesskab,MORGENMØDE2024,,4,5,0.31211,0.327699,0
lånesamarbejdet,lånesamarbejdet,MORGENMØDE2024,,7,4,0.338647,0.355682,0
forbindelse,forbindelse,MORGENMØDE2024,,7,4,0.338647,0.355682,0
erfaring,erfaring,MORGENMØDE2024,,7,4,0.338647,0.355682,0
sammenhæng,sammenhæng,MORGENMØDE2024,,4,4,0.366057,0.387898,231.397479
naturligt,naturligt,MORGENMØDE2024,,4,4,0.337344,0.352948,0
led,led,MORGENMØDE2024,,4,4,0.337344,0.352948,0
lagerstyring,lagerstyring,MORGENMØDE2024,,4,4,0.334447,0.350571,0
koncept,koncept,MORGENMØDE2024,,4,4,0.334447,0.350571,0
kira,kira,MORGENMØDE2024,,4,4,0.334447,0.350571,0
depotsamling,depotsamling,MORGENMØDE2024,,4,4,0.334447,0.350571,0
virkeligheden,virkeligheden,MORGENMØDE2024,,6,4,0.386439,0.419163,1696.527277
strategimål,strategimål,MORGENMØDE2024,,6,4,0.330504,0.346648,0
position,position,MORGENMØDE2024,,6,4,0.3498,0.370185,168.211899
nummer,nummer,MORGENMØDE2024,,6,4,0.330504,0.346648,0
tid,tid,MORGENMØDE2024,,0,4,0.356018,0.376129,196.412561
knoklet,knoklet,MORGENMØDE2024,,0,5,0.32319,0.341108,0
intensivt,intensivt,MORGENMØDE2024,,0,5,0.32319,0.341108,0
cecile,cecile,MORGENMØDE2024,,14,4,0.313647,0.327746,0
beskriver,beskriver,MORGENMØDE2024,,14,4,0.313647,0.327746,0
aktører,aktører,MORGENMØDE2024,,14,4,0.313647,0.327746,0
pligtaflevering,pligtaflevering,MORGENMØDE2024,,6,4,0.352616,0.369353,0
licensportefølje,licensportefølje,MORGENMØDE2024,,6,4,0.352616,0.369353,0
forpligtelse,forpligtelse,MORGENMØDE2024,,6,4,0.354578,0.374108,87.374465
må,må,MORGENMØDE2024,,12,4,0.349975,0.370423,236.810808
arv,arv,MORGENMØDE2024,,12,5,0.336211,0.353352,0
ansvar,ansvar,MORGENMØDE2024,,12,5,0.336211,0.353352,0
super,super,MORGENMØDE2024,,9,4,0.373071,0.396933,373.695432
nationalpartner,nationalpartner,MORGENMØDE2024,,4,4,0.359856,0.377794,0
high,high,MORGENMØDE2024,,4,4,0.359856,0.377794,0
tyngde,tyngde,MORGENMØDE2024,,4,4,0.351378,0.368521,0
international,international,MORGENMØDE2024,,4,4,0.351378,0.368521,0
forskel,forskel,MORGENMØDE2024,,4,4,0.351378,0.368521,0
bindeled,bindeled,MORGENMØDE2024,,4,4,0.351378,0.368521,0
putte,putte,MORGENMØDE2024,,0,4,0.3505,0.369116,0
ovenpå,ovenpå,MORGENMØDE2024,,0,4,0.3505,0.369116,0
hvordan,hvordan,MORGENMØDE2024,,0,4,0.415038,0.448645,1501.82936
lag,lag,MORGENMØDE2024,,6,4,0.338647,0.35806,0
lægge,lægge,MORGENMØDE2024,,6,4,0.338647,0.35806,0
skridt,skridt,MORGENMØDE2024,,3,4,0.343291,0.360556,0
serviceinitiativer,serviceinitiativer,MORGENMØDE2024,,6,4,0.342955,0.361388,0
nemlig,nemlig,MORGENMØDE2024,,6,4,0.342955,0.361388,0
modne,modne,MORGENMØDE2024,,6,4,0.368947,0.394793,296.371753
svarer,svarer,MORGENMØDE2024,,6,4,0.334606,0.351641,0
publicere,publicere,MORGENMØDE2024,,6,4,0.360041,0.383381,147.351994
press,press,MORGENMØDE2024,,6,4,0.334606,0.351641,0
platform,platform,MORGENMØDE2024,,6,4,0.357471,0.383738,292.176887
vækste,vækste,MORGENMØDE2024,,6,4,0.359487,0.380409,38.080495
succes,succes,MORGENMØDE2024,,6,4,0.343459,0.361151,0
allerede,allerede,MORGENMØDE2024,,6,4,0.343459,0.361151,0
hedder,hedder,MORGENMØDE2024,,6,4,0.367786,0.391108,200.654793
betingelser,betingelser,MORGENMØDE2024,,6,4,0.322893,0.340109,0
dækket,dækket,MORGENMØDE2024,,6,4,0.366632,0.390276,185.44829
vælge,vælge,MORGENMØDE2024,,6,4,0.313226,0.331075,0
alternativ,alternativ,MORGENMØDE2024,,4,4,0.385377,0.410961,510.464744
vækster,vækster,MORGENMØDE2024,,6,4,0.359856,0.377199,0
vækstet,vækstet,MORGENMØDE2024,,6,4,0.348756,0.36543,0
al,al,MORGENMØDE2024,,14,4,0.355477,0.374108,0
bag,bag,MORGENMØDE2024,,0,4,0.316479,0.330243,0
dengang,dengang,MORGENMØDE2024,,0,4,0.316479,0.330243,0
elsevier,elsevier,MORGENMØDE2024,,0,4,0.316479,0.330243,0
første,første,MORGENMØDE2024,,0,4,0.342118,0.358298,174.645686
uha,uha,MORGENMØDE2024,,11,4,0.326198,0.341298,0
tænk,tænk,MORGENMØDE2024,,11,4,0.326198,0.341298,0
tredjedel,tredjedel,MORGENMØDE2024,,11,4,0.326198,0.341298,0
pengestrømme,pengestrømme,MORGENMØDE2024,,11,4,0.326198,0.341298,0
maven,maven,MORGENMØDE2024,,11,4,0.326198,0.341298,0
lykkes,lykkes,MORGENMØDE2024,,11,4,0.326198,0.341298,0
nødt,nødt,MORGENMØDE2024,,4,4,0.351202,0.367927,0
vigtigt,vigtigt,MORGENMØDE2024,,4,4,0.351202,0.367927,0
henne,henne,MORGENMØDE2024,,4,4,0.351202,0.367927,0
request,request,MORGENMØDE2024,,12,4,0.314491,0.329767,0
kanal,kanal,MORGENMØDE2024,,12,4,0.314491,0.329767,0
etablere,etablere,MORGENMØDE2024,,12,4,0.314491,0.329767,0
direkte,direkte,MORGENMØDE2024,,12,4,0.314491,0.329767,0
beder,beder,MORGENMØDE2024,,12,4,0.314491,0.329767,0
købe,købe,MORGENMØDE2024,,13,5,0.281075,0.293747,0
gangen,gangen,MORGENMØDE2024,,13,5,0.281075,0.293747,0
tænkte,tænkte,MORGENMØDE2024,,13,5,0.281075,0.293747,0
tidspunkt,tidspunkt,MORGENMØDE2024,,13,5,0.281075,0.293747,0
tidskrævende,tidskrævende,MORGENMØDE2024,,13,5,0.281075,0.293747,0
side,side,MORGENMØDE2024,,13,5,0.281075,0.293747,0
licenser,licenser,MORGENMØDE2024,,13,5,0.281075,0.293747,0
fri,fri,MORGENMØDE2024,,10,4,0.367208,0.386234,0
crasher,crasher,MORGENMØDE2024,,10,4,0.363401,0.3835,0
små,små,MORGENMØDE2024,,10,4,0.324087,0.342249,0
støtte,støtte,MORGENMØDE2024,,10,4,0.324087,0.342249,0
potentiale,potentiale,MORGENMØDE2024,,10,4,0.324087,0.342249,0
bringe,bringe,MORGENMØDE2024,,6,4,0.338975,0.354731,0
bare,bare,MORGENMØDE2024,,6,4,0.338975,0.354731,0
løfter,løfter,MORGENMØDE2024,,6,4,0.365294,0.38564,0
slide,slide,MORGENMØDE2024,,7,4,0.32803,0.343557,0
omkring,omkring,MORGENMØDE2024,,5,4,0.40195,0.434974,3086.89754
netop,netop,MORGENMØDE2024,,7,4,0.32803,0.343557,0
andet,andet,MORGENMØDE2024,,7,4,0.360226,0.380409,215.027886
jamen,jamen,MORGENMØDE2024,,0,4,0.340788,0.356633,0
spørge,spørge,MORGENMØDE2024,,0,4,0.340788,0.356633,0
sørge,sørge,MORGENMØDE2024,,14,4,0.334287,0.349025,0
balance,balance,MORGENMØDE2024,,14,4,0.334287,0.349025,0
kigge,kigge,MORGENMØDE2024,,12,3,0.397392,0.426771,2379.149908
nøgletal,nøgletal,MORGENMØDE2024,,3,4,0.366249,0.384451,0
udfordret,udfordret,MORGENMØDE2024,,5,4,0.372081,0.398478,1162.335017
studerendes,studerendes,MORGENMØDE2024,,4,4,0.346344,0.364004,0
oplever,oplever,MORGENMØDE2024,,4,4,0.346344,0.364004,0
kompetencer,kompetencer,MORGENMØDE2024,,4,4,0.390095,0.41417,293.269832
informationskrav,informationskrav,MORGENMØDE2024,,4,4,0.346344,0.364004,0
facilitere,facilitere,MORGENMØDE2024,,1,4,0.345831,0.362221,0
hvert,hvert,MORGENMØDE2024,,1,4,0.345831,0.362221,0
understrege,understrege,MORGENMØDE2024,,10,4,0.368559,0.390751,67.078766
vigtigheden,vigtigheden,MORGENMØDE2024,,1,4,0.356743,0.374703,0
set,set,MORGENMØDE2024,,0,4,0.312389,0.32834,0
servicerer,servicerer,MORGENMØDE2024,,0,4,0.312389,0.32834,0
generelt,generelt,MORGENMØDE2024,,10,4,0.383899,0.410604,1159.483925
herunder,herunder,MORGENMØDE2024,,10,4,0.353505,0.370661,0
helt,helt,MORGENMØDE2024,,17,4,0.360968,0.382786,438.025798
spotte,spotte,MORGENMØDE2024,,14,4,0.352084,0.371374,0
rummer,rummer,MORGENMØDE2024,,14,4,0.352084,0.371374,0
ivers,ivers,MORGENMØDE2024,,14,4,0.352084,0.371374,0
sted,sted,MORGENMØDE2024,,14,5,0.31777,0.334261,0
corona,corona,MORGENMØDE2024,,14,5,0.31777,0.334261,0
læringsrum,læringsrum,MORGENMØDE2024,,14,5,0.31777,0.334261,0
lade,lade,MORGENMØDE2024,,14,5,0.31777,0.334261,0
heldigvis,heldigvis,MORGENMØDE2024,,14,5,0.31777,0.334261,0
altså,altså,MORGENMØDE2024,,4,4,0.355838,0.374346,0
tråd,tråd,MORGENMØDE2024,,15,4,0.331442,0.348193,0
teste,teste,MORGENMØDE2024,,15,4,0.331442,0.348193,0
skalere,skalere,MORGENMØDE2024,,15,4,0.331442,0.348193,0
rød,rød,MORGENMØDE2024,,15,4,0.331442,0.348193,0
projekter,projekter,MORGENMØDE2024,,15,4,0.331442,0.348193,0
virkelig,virkelig,MORGENMØDE2024,,16,4,0.326959,0.342368,0
selvfølgelig,selvfølgelig,MORGENMØDE2024,,16,4,0.326959,0.342368,0
rundt,rundt,MORGENMØDE2024,,5,4,0.349626,0.370423,272.961192
mangefold,mangefold,MORGENMØDE2024,,16,4,0.326959,0.342368,0
sten,sten,MORGENMØDE2024,,9,5,0.325139,0.342368,0
starten,starten,MORGENMØDE2024,,9,5,0.325139,0.342368,0
kildekritisk,kildekritisk,MORGENMØDE2024,,4,4,0.359487,0.378031,0
vide,vide,MORGENMØDE2024,,2,4,0.329417,0.345816,0
spor,spor,MORGENMØDE2024,,2,4,0.364535,0.38766,226.98909
krav,krav,MORGENMØDE2024,,2,4,0.329417,0.345816,0
sporene,sporene,MORGENMØDE2024,,2,4,0.343627,0.361388,0
opmærkning,opmærkning,MORGENMØDE2024,,2,4,0.343627,0.361388,0
opklipning,opklipning,MORGENMØDE2024,,2,4,0.343627,0.361388,0
it,it,MORGENMØDE2024,,16,4,0.349626,0.366857,0
systemer,systemer,MORGENMØDE2024,,16,4,0.349626,0.366857,0
portefølje,portefølje,MORGENMØDE2024,,16,4,0.355297,0.376486,174.377992
forretningskritiske,forretningskritiske,MORGENMØDE2024,,16,4,0.349626,0.366857,0
forbedrer,forbedrer,MORGENMØDE2024,,16,4,0.349626,0.366857,0
sikkerhed,sikkerhed,MORGENMØDE2024,,5,4,0.318926,0.336662,0
udefra,udefra,MORGENMØDE2024,,5,4,0.342955,0.365549,298.942273
svær,svær,MORGENMØDE2024,,5,4,0.318926,0.336662,0
omverdenen,omverdenen,MORGENMØDE2024,,5,4,0.318926,0.336662,0
robust,robust,MORGENMØDE2024,,16,4,0.320677,0.337613,0
ramt,ramt,MORGENMØDE2024,,16,4,0.320677,0.337613,0
modstå,modstå,MORGENMØDE2024,,16,4,0.320677,0.337613,0
overblik,overblik,MORGENMØDE2024,,10,4,0.35015,0.367332,0
foregår,foregår,MORGENMØDE2024,,10,4,0.344303,0.361983,0
beslutninger,beslutninger,MORGENMØDE2024,,10,4,0.344303,0.361983,0
beslutningsstøtte,beslutningsstøtte,MORGENMØDE2024,,10,4,0.344303,0.361983,0
gribe,gribe,MORGENMØDE2024,,2,4,0.319217,0.335592,0
yes,yes,MORGENMØDE2024,,2,4,0.319217,0.335592,0
begynder,begynder,MORGENMØDE2024,,2,4,0.319217,0.335592,0
chatgpt,chatgpt,MORGENMØDE2024,,2,4,0.319217,0.335592,0
derude,derude,MORGENMØDE2024,,2,4,0.319217,0.335592,0
folk,folk,MORGENMØDE2024,,15,4,0.349452,0.367451,0
anciennitet,anciennitet,MORGENMØDE2024,,12,4,0.321118,0.336068,0
rekruttering,rekruttering,MORGENMØDE2024,,12,4,0.321118,0.336068,0
gennemsnitlig,gennemsnitlig,MORGENMØDE2024,,12,4,0.321118,0.336068,0
rekrutteringsopgave,rekrutteringsopgave,MORGENMØDE2024,,0,4,0.34532,0.361151,0
pension,pension,MORGENMØDE2024,,0,4,0.34532,0.361151,0
mennesker,mennesker,MORGENMØDE2024,,1,4,0.34841,0.366381,0
holde,holde,MORGENMØDE2024,,1,4,0.34841,0.366381,0
hente,hente,MORGENMØDE2024,,1,4,0.34841,0.366381,0
kraftmængder,kraftmængder,MORGENMØDE2024,,0,4,0.354937,0.37078,0
seniorordningen,seniorordningen,MORGENMØDE2024,,3,4,0.326959,0.344151,0
løn,løn,MORGENMØDE2024,,3,4,0.326959,0.344151,0
igen,igen,MORGENMØDE2024,,3,4,0.335567,0.356871,601.431194
tryghed,tryghed,MORGENMØDE2024,,12,5,0.307052,0.324061,0
sjovt,sjovt,MORGENMØDE2024,,12,5,0.307052,0.324061,0
fejl,fejl,MORGENMØDE2024,,12,5,0.307052,0.324061,0
psykologisk,psykologisk,MORGENMØDE2024,,12,5,0.307052,0.324061,0
tror,tror,MORGENMØDE2024,,3,4,0.354757,0.375297,873.496353
specielt,specielt,MORGENMØDE2024,,3,4,0.346858,0.363647,0
sat,sat,MORGENMØDE2024,,3,4,0.372872,0.395625,256.581009
lederudvikling,lederudvikling,MORGENMØDE2024,,3,4,0.346858,0.363647,0
giv,giv,MORGENMØDE2024,,10,4,0.363212,0.380528,0
haft,haft,MORGENMØDE2024,,10,4,0.363212,0.380528,0
vinde,vinde,MORGENMØDE2024,,3,5,0.293183,0.30825,0
sidder,sidder,MORGENMØDE2024,,3,5,0.293183,0.30825,0
ledelsesstrengen,ledelsesstrengen,MORGENMØDE2024,,3,5,0.293183,0.30825,0
hang,hang,MORGENMØDE2024,,3,5,0.293183,0.30825,0
geografisk,geografisk,MORGENMØDE2024,,3,5,0.293183,0.30825,0
tale,tale,MORGENMØDE2024,,3,4,0.34532,0.362934,0
prøv,prøv,MORGENMØDE2024,,3,4,0.34532,0.362934,0
ændret,ændret,MORGENMØDE2024,,4,4,0.353505,0.372444,0
valgt,valgt,MORGENMØDE2024,,17,4,0.367786,0.393723,923.857963
workplace,workplace,MORGENMØDE2024,,4,4,0.358935,0.377675,0
management,management,MORGENMØDE2024,,4,4,0.358935,0.377675,0
består,består,MORGENMØDE2024,,4,4,0.358935,0.377675,0
dejligt,dejligt,MORGENMØDE2024,,0,5,0.311417,0.326296,0
bunden,bunden,MORGENMØDE2024,,17,5,0.306918,0.32292,0
bygge,bygge,MORGENMØDE2024,,17,5,0.306918,0.32292,0
fantastiske,fantastiske,MORGENMØDE2024,,17,5,0.306918,0.32292,0
forestille,forestille,MORGENMØDE2024,,17,5,0.306918,0.32292,0
løbe,løbe,MORGENMØDE2024,,3,4,0.348756,0.366738,0
skala,skala,MORGENMØDE2024,,3,4,0.348756,0.366738,0
forlag,forlag,MORGENMØDE2024,,3,4,0.348756,0.366738,0
organisationen,organisationen,MORGENMØDE2024,,9,4,0.338811,0.355445,0
fagligheden,fagligheden,MORGENMØDE2024,,9,4,0.338811,0.355445,0
